{
  "mean": [
    619.995238095238,
    1.7880952380952382,
    5.07262362817565
  ],
  "scale": [
    509.30013134383546,
    0.9569799671865509,
    13.239682973393558
  ],
  "cols": [
    "estimated_visit_cost_inr",
    "time_hours",
    "dist_km_to_city_center"
  ]
}